{
  "parent": "block/cube",
  "textures": {
    "down": "bals_ender_expansion:block/ender_crying_obsidian",
    "up": "bals_ender_expansion:block/ender_crying_obsidian",
    "north": "bals_ender_expansion:block/ender_crying_obsidian",
    "east": "bals_ender_expansion:block/ender_crying_obsidian",
    "south": "bals_ender_expansion:block/ender_crying_obsidian",
    "west": "bals_ender_expansion:block/ender_crying_obsidian",
    "particle": "bals_ender_expansion:block/ender_crying_obsidian"
  },
  "render_type": "solid"
}