{
  "parent": "block/cube",
  "textures": {
    "down": "bals_ender_expansion:block/ender_titane_ores_end_stone",
    "up": "bals_ender_expansion:block/ender_titane_ores_end_stone",
    "north": "bals_ender_expansion:block/ender_titane_ores_end_stone",
    "east": "bals_ender_expansion:block/ender_titane_ores_end_stone",
    "south": "bals_ender_expansion:block/ender_titane_ores_end_stone",
    "west": "bals_ender_expansion:block/ender_titane_ores_end_stone",
    "particle": "bals_ender_expansion:block/ender_titane_ores_end_stone"
  },
  "render_type": "solid"
}