{
  "parent": "block/cube",
  "textures": {
    "down": "bals_ender_expansion:block/runned_endstonebricks_texture",
    "up": "bals_ender_expansion:block/runned_endstonebricks_texture",
    "north": "bals_ender_expansion:block/runned_endstonebricks_texture",
    "east": "bals_ender_expansion:block/runned_endstonebricks_texture",
    "south": "bals_ender_expansion:block/runned_endstonebricks_texture",
    "west": "bals_ender_expansion:block/runned_endstonebricks_texture",
    "particle": "bals_ender_expansion:block/runned_endstonebricks_texture"
  },
  "render_type": "solid"
}