{
	"parent": "minecraft:block/block",
	"render_type": "cutout",
	"texture_size": [32, 32],
	"textures": {
		"0": "display_case:block/display_case",
		"particle": "display_case:block/display_case"
	},
	"elements": [
		{
			"name": "stone",
			"from": [1.75, 0, 1.75],
			"to": [14.25, 2, 14.25],
			"rotation": {"angle": 0, "axis": "y", "origin": [2, 0.3, 2]},
			"faces": {
				"north": {"uv": [0, 10, 8, 11], "texture": "#0"},
				"east": {"uv": [0, 10, 8, 11], "texture": "#0"},
				"south": {"uv": [0, 10, 8, 11], "texture": "#0"},
				"west": {"uv": [0, 10, 8, 11], "texture": "#0"},
				"up": {"uv": [8, 0, 16, 8], "texture": "#0"},
				"down": {"uv": [8, 8, 16, 16], "texture": "#0"}
			}
		}
	],
	"display": {
		"thirdperson_righthand": {
			"rotation": [75, 45, 0],
			"translation": [0, 2.5, 0],
			"scale": [0.375, 0.375, 0.375]
		},
		"thirdperson_lefthand": {
			"rotation": [75, 45, 0],
			"translation": [0, 2.5, 0],
			"scale": [0.375, 0.375, 0.375]
		},
		"firstperson_righthand": {
			"rotation": [0, 45, 0],
			"translation": [0, 4, 0],
			"scale": [0.4, 0.4, 0.4]
		},
		"firstperson_lefthand": {
			"rotation": [0, 225, 0],
			"translation": [0, 4, 0],
			"scale": [0.4, 0.4, 0.4]
		},
		"ground": {
			"translation": [0, 3, 0],
			"scale": [0.25, 0.25, 0.25]
		},
		"gui": {
			"rotation": [30, 225, 0],
			"translation": [0, 0.75, 0],
			"scale": [0.625, 0.625, 0.625]
		},
		"head": {
			"translation": [0, 0.5, 0],
			"scale": [1.25, 1.25, 1.25]
		},
		"fixed": {
			"scale": [0.5, 0.5, 0.5]
		}
	},
	"groups": [
		{
			"name": "display_case",
			"origin": [8, 8, 8],
			"color": 0,
			"nbt": "{}",
			"children": [0]
		}
	]
}