{
  "multipart": [
    {
      "apply": {
        "model": "bals_ender_expansion:block/ender_oak_fence_post"
      }
    },
    {
      "when": {
        "north": "true"
      },
      "apply": {
        "model": "bals_ender_expansion:block/ender_oak_fence",
        "uvlock": true
      }
    },
    {
      "when": {
        "south": "true"
      },
      "apply": {
        "model": "bals_ender_expansion:block/ender_oak_fence",
        "y": 180,
        "uvlock": true
      }
    },
    {
      "when": {
        "west": "true"
      },
      "apply": {
        "model": "bals_ender_expansion:block/ender_oak_fence",
        "y": 270,
        "uvlock": true
      }
    },
    {
      "when": {
        "east": "true"
      },
      "apply": {
        "model": "bals_ender_expansion:block/ender_oak_fence",
        "y": 90,
        "uvlock": true
      }
    }
  ]
}