{
  "minecraft_the_ender_music_disc_song": {
    "category": "music",
    "sounds": [
      {
        "name": "bals_ender_expansion:minecraft_-_theender",
        "stream": true
      }
    ]
  },
  "minecraft_the_ender_dragon_fight_music_song": {
    "category": "music",
    "sounds": [
      {
        "name": "bals_ender_expansion:minecraft_-_theender_-_dragonfight_",
        "stream": true
      }
    ]
  },
  "minecraft_the_ender_alwayz_music_disc": {
    "category": "music",
    "sounds": [
      {
        "name": "bals_ender_expansion:minecraft_-_theender_-_alwayz_",
        "stream": true
      }
    ]
  }
}