{
	"parent": "minecraft:block/block",
	"render_type": "translucent",
	"texture_size": [32, 32],
	"textures": {
		"0": "display_case:block/display_case",
		"particle": "display_case:block/display_case"
	},
	"elements": [
		{
			"from": [6.875, 12.525, 8],
			"to": [9.125, 14.025, 8],
			"shade": false,
			"rotation": {"angle": 45, "axis": "y", "origin": [8, 14, 8]},
			"faces": {
				"north": {"uv": [0, 8, 1.5, 9], "texture": "#0"},
				"east": {"uv": [0, 8, 1.5, 9], "texture": "#0"},
				"south": {"uv": [0, 8, 1.5, 9], "texture": "#0"},
				"west": {"uv": [0, 8, 1.5, 9], "texture": "#0"},
				"up": {"uv": [0, 8, 1.5, 9], "texture": "#0"},
				"down": {"uv": [0, 8, 1.5, 9], "texture": "#0"}
			}
		},
		{
			"from": [6.5, 11.825, 6.5],
			"to": [9.5, 12.575, 9.5],
			"rotation": {"angle": 0, "axis": "y", "origin": [8, 14, 8]},
			"faces": {
				"north": {"uv": [0, 9, 2, 9.5], "texture": "#0"},
				"east": {"uv": [0, 9, 2, 9.5], "texture": "#0"},
				"south": {"uv": [0, 9, 2, 9.5], "texture": "#0"},
				"west": {"uv": [0, 9, 2, 9.5], "texture": "#0"},
				"up": {"uv": [2, 8, 4, 10], "texture": "#0"},
				"down": {"uv": [0, 9, 2, 9.5], "texture": "#0"}
			}
		},
		{
			"from": [6.3125, 10.7375, 6.3125],
			"to": [9.6875, 11.8625, 9.6875],
			"rotation": {"angle": 0, "axis": "y", "origin": [8, 14, 8]},
			"faces": {
				"north": {"uv": [0, 9, 2, 10], "texture": "#0"},
				"east": {"uv": [0, 9, 2, 10], "texture": "#0"},
				"south": {"uv": [0, 9, 2, 10], "texture": "#0"},
				"west": {"uv": [0, 9, 2, 10], "texture": "#0"},
				"up": {"uv": [2, 8, 4, 10], "texture": "#0"},
				"down": {"uv": [4, 8, 6, 10], "texture": "#0"}
			}
		},
		{
			"from": [8, 12.525, 6.875],
			"to": [8, 14.025, 9.125],
			"shade": false,
			"rotation": {"angle": 45, "axis": "y", "origin": [8, 14, 8]},
			"faces": {
				"north": {"uv": [0, 8, 1.5, 9], "texture": "#0"},
				"east": {"uv": [0, 8, 1.5, 9], "texture": "#0"},
				"south": {"uv": [0, 8, 1.5, 9], "texture": "#0"},
				"west": {"uv": [0, 8, 1.5, 9], "texture": "#0"},
				"up": {"uv": [0, 8, 1.5, 9], "texture": "#0"},
				"down": {"uv": [0, 8, 1.5, 9], "texture": "#0"}
			}
		}
	],
	"display": {
		"thirdperson_righthand": {
			"rotation": [75, 45, 0],
			"translation": [0, 2.5, 0],
			"scale": [0.375, 0.375, 0.375]
		},
		"thirdperson_lefthand": {
			"rotation": [75, 45, 0],
			"translation": [0, 2.5, 0],
			"scale": [0.375, 0.375, 0.375]
		},
		"firstperson_righthand": {
			"rotation": [0, 45, 0],
			"translation": [0, 4, 0],
			"scale": [0.4, 0.4, 0.4]
		},
		"firstperson_lefthand": {
			"rotation": [0, 225, 0],
			"translation": [0, 4, 0],
			"scale": [0.4, 0.4, 0.4]
		},
		"ground": {
			"translation": [0, 3, 0],
			"scale": [0.25, 0.25, 0.25]
		},
		"gui": {
			"rotation": [30, 225, 0],
			"translation": [0, 0.75, 0],
			"scale": [0.625, 0.625, 0.625]
		},
		"head": {
			"translation": [0, 0.5, 0],
			"scale": [1.25, 1.25, 1.25]
		},
		"fixed": {
			"scale": [0.5, 0.5, 0.5]
		}
	},
	"groups": [
		{
			"name": "display_case",
			"origin": [8, 8, 8],
			"color": 0,
			"nbt": "{}",
			"children": [
				{
					"name": "chain",
					"origin": [8, 18, 8],
					"color": 0,
					"nbt": "{}",
					"children": [0, 1, 2, 3]
				}
			]
		}
	]
}